{"cameraMode":{"drawMode":0,"name":"Shaded","section":"Shading Mode"},"sceneLighting":false,"audioPlay":false,"sceneViewState":{"showFog":true,"showMaterialUpdate":false,"showSkybox":false,"showFlares":true,"showImageEffects":true,"showParticleSystems":true},"in2DMode":false,"pivot":{"x":0.3228369951248169,"y":1.4460272789001465,"z":0.05617713928222656},"rotation":{"x":-0.2553275227546692,"y":0.02957739867269993,"z":-0.00781470537185669,"w":-0.9663717150688171},"size":5.70857572555542,"orthographic":false}