{"cameraMode":{"drawMode":0,"name":"Shaded","section":"Shading Mode"},"sceneLighting":false,"audioPlay":false,"sceneViewState":{"showFog":true,"showMaterialUpdate":false,"showSkybox":false,"showFlares":true,"showImageEffects":true,"showParticleSystems":true},"in2DMode":false,"pivot":{"x":0.00030517578125,"y":1.0635452270507813,"z":-0.0029296875},"rotation":{"x":-0.00030946923652663827,"y":0.03808784857392311,"z":-0.000014520363947667647,"w":-0.9992802739143372},"size":3.922135591506958,"orthographic":true}